"","x"
"1","4F627F78EC34/node_health/CTT-4F627F78EC34-node-health.2023-08-06_194613.csv.gz"
"2","4F627F78EC34/node_health/CTT-4F627F78EC34-node-health.2023-11-15_185046.csv.gz"
"3","4F627F78EC34/node_health/CTT-4F627F78EC34-node-health.2023-11-22_195421.csv.gz"
"4","4F627F78EC34/node_health/CTT-4F627F78EC34-node-health.2023-12-11_224848.csv.gz"
"5","4F627F78EC34/node_health/CTT-4F627F78EC34-node-health.2023-12-30_215835.csv.gz"
"6","51765E51CF16/gps/CTT-51765E51CF16-gps.2023-01-20_220935.csv.gz"
"7","51765E51CF16/gps/CTT-51765E51CF16-gps.2023-08-08_004323.csv.gz"
"8","51765E51CF16/node_health/CTT-51765E51CF16-node-health.2023-02-06_131319.csv.gz"
"9","51765E51CF16/node_health/CTT-51765E51CF16-node-health.2023-06-10_104803.csv.gz"
"10","51765E51CF16/node_health/CTT-51765E51CF16-node-health.2023-08-15_034659.csv.gz"
"11","51765E51CF16/raw/CTT-51765E51CF16-raw-data.2022-11-01_005832.csv.gz"
"12","51765E51CF16/raw/CTT-51765E51CF16-raw-data.2022-11-01_015834.csv.gz"
"13","51765E51CF16/raw/CTT-51765E51CF16-raw-data.2022-11-01_025835.csv.gz"
"14","51765E51CF16/raw/CTT-51765E51CF16-raw-data.2022-11-01_035836.csv.gz"
"15","51765E51CF16/raw/CTT-51765E51CF16-raw-data.2022-11-01_045837.csv.gz"
"16","51765E51CF16/raw/CTT-51765E51CF16-raw-data.2022-11-01_055839.csv.gz"
"17","51765E51CF16/raw/CTT-51765E51CF16-raw-data.2022-11-01_065840.csv.gz"
"18","51765E51CF16/raw/CTT-51765E51CF16-raw-data.2022-11-01_075841.csv.gz"
"19","51765E51CF16/raw/CTT-51765E51CF16-raw-data.2022-11-01_085842.csv.gz"
"20","51765E51CF16/raw/CTT-51765E51CF16-raw-data.2022-11-01_095844.csv.gz"
"21","51765E51CF16/raw/CTT-51765E51CF16-raw-data.2022-11-01_105845.csv.gz"
"22","51765E51CF16/raw/CTT-51765E51CF16-raw-data.2022-11-01_115846.csv.gz"
"23","51765E51CF16/raw/CTT-51765E51CF16-raw-data.2022-11-01_125847.csv.gz"
"24","51765E51CF16/raw/CTT-51765E51CF16-raw-data.2022-11-01_135848.csv.gz"
"25","51765E51CF16/raw/CTT-51765E51CF16-raw-data.2022-11-01_145850.csv.gz"
"26","51765E51CF16/raw/CTT-51765E51CF16-raw-data.2022-11-01_155851.csv.gz"
"27","51765E51CF16/raw/CTT-51765E51CF16-raw-data.2022-11-01_165852.csv.gz"
"28","51765E51CF16/raw/CTT-51765E51CF16-raw-data.2022-11-01_175854.csv.gz"
"29","51765E51CF16/raw/CTT-51765E51CF16-raw-data.2022-11-01_185855.csv.gz"
"30","51765E51CF16/raw/CTT-51765E51CF16-raw-data.2022-11-01_195856.csv.gz"
"31","51765E51CF16/raw/CTT-51765E51CF16-raw-data.2022-11-01_205857.csv.gz"
"32","51765E51CF16/raw/CTT-51765E51CF16-raw-data.2022-11-01_215858.csv.gz"
"33","51765E51CF16/raw/CTT-51765E51CF16-raw-data.2022-11-01_225900.csv.gz"
"34","51765E51CF16/telemetry/CTT-51765E51CF16-telemetry.2023-04-27_075643.csv.gz"
"35","68E8BC02DD51/node_health/CTT-68E8BC02DD51-node-health.2023-04-16_125107.csv.gz"
"36","68E8BC02DD51/node_health/CTT-68E8BC02DD51-node-health.2023-04-21_205351.csv.gz"
"37","68E8BC02DD51/node_health/CTT-68E8BC02DD51-node-health.2023-08-18_145212.csv.gz"
"38","68E8BC02DD51/node_health/CTT-68E8BC02DD51-node-health.2023-10-22_135407.csv.gz"
"39","68E8BC02DD51/node_health/CTT-68E8BC02DD51-node-health.2023-12-20_075303.csv.gz"
"40","68E8BC02DD51/raw/CTT-68E8BC02DD51-raw-data.2023-02-10_003419.csv.gz"
"41","68E8BC02DD51/raw/CTT-68E8BC02DD51-raw-data.2023-02-10_013420.csv.gz"
"42","68E8BC02DD51/raw/CTT-68E8BC02DD51-raw-data.2023-02-10_023421.csv.gz"
"43","68E8BC02DD51/raw/CTT-68E8BC02DD51-raw-data.2023-02-10_033423.csv.gz"
"44","68E8BC02DD51/raw/CTT-68E8BC02DD51-raw-data.2023-02-10_043424.csv.gz"
"45","68E8BC02DD51/raw/CTT-68E8BC02DD51-raw-data.2023-02-10_053425.csv.gz"
"46","68E8BC02DD51/raw/CTT-68E8BC02DD51-raw-data.2023-02-10_063426.csv.gz"
"47","68E8BC02DD51/raw/CTT-68E8BC02DD51-raw-data.2023-02-10_073428.csv.gz"
"48","68E8BC02DD51/raw/CTT-68E8BC02DD51-raw-data.2023-02-10_083429.csv.gz"
"49","68E8BC02DD51/raw/CTT-68E8BC02DD51-raw-data.2023-02-10_093430.csv.gz"
"50","68E8BC02DD51/raw/CTT-68E8BC02DD51-raw-data.2023-02-10_103431.csv.gz"
"51","68E8BC02DD51/raw/CTT-68E8BC02DD51-raw-data.2023-02-10_113433.csv.gz"
"52","68E8BC02DD51/raw/CTT-68E8BC02DD51-raw-data.2023-02-10_123434.csv.gz"
"53","68E8BC02DD51/raw/CTT-68E8BC02DD51-raw-data.2023-02-10_133435.csv.gz"
"54","68E8BC02DD51/raw/CTT-68E8BC02DD51-raw-data.2023-02-10_143436.csv.gz"
"55","68E8BC02DD51/raw/CTT-68E8BC02DD51-raw-data.2023-02-10_153438.csv.gz"
"56","68E8BC02DD51/raw/CTT-68E8BC02DD51-raw-data.2023-02-10_163439.csv.gz"
"57","68E8BC02DD51/raw/CTT-68E8BC02DD51-raw-data.2023-02-10_173440.csv.gz"
"58","68E8BC02DD51/raw/CTT-68E8BC02DD51-raw-data.2023-02-10_183442.csv.gz"
"59","68E8BC02DD51/raw/CTT-68E8BC02DD51-raw-data.2023-02-10_193443.csv.gz"
"60","68E8BC02DD51/raw/CTT-68E8BC02DD51-raw-data.2023-02-10_203444.csv.gz"
"61","68E8BC02DD51/raw/CTT-68E8BC02DD51-raw-data.2023-02-10_213445.csv.gz"
"62","68E8BC02DD51/raw/CTT-68E8BC02DD51-raw-data.2023-02-10_223446.csv.gz"
"63","68E8BC02DD51/raw/CTT-68E8BC02DD51-raw-data.2023-02-10_233448.csv.gz"
"64","68E8BC02DD51/telemetry/CTT-68E8BC02DD51-telemetry.2023-03-04_034451.csv.gz"
"65","nodes/339E4D/beep_0.csv"
"66","nodes/339E4D/gps.csv"
"67","nodes/339E4D/test.txt"
"68","nodes/339FBA/beep_0.csv"
"69","nodes/339FBA/gps.csv"
"70","nodes/339FBA/test.txt"
"71","nodes/375E07/beep_0.csv"
"72","nodes/375E07/gps.csv"
"73","nodes/375E07/test.txt"
"74","nodes/3763C0/beep_0.csv"
"75","nodes/3763C0/gps.csv"
"76","nodes/3763C0/test.txt"
"77","nodes/37648E/beep_0.csv"
"78","nodes/37648E/gps.csv"
"79","nodes/37648E/test.txt"
"80","nodes/3765C3/beep_0.csv"
"81","nodes/3765C3/gps.csv"
"82","nodes/3765C3/test.txt"
"83","nodes/376F3F/beep_0.csv"
"84","nodes/376F3F/gps.csv"
"85","nodes/376F3F/test.txt"
"86","nodes/3775FB/beep_0.csv"
"87","nodes/3775FB/gps.csv"
"88","nodes/3775FB/test.txt"
"89","nodes/3777FD/beep_0.csv"
"90","nodes/3777FD/gps.csv"
"91","nodes/3777FD/test.txt"
"92","nodes/377990/beep_0.csv"
"93","nodes/377990/gps.csv"
"94","nodes/377990/test.txt"
"95","nodes/377A13/beep_0.csv"
"96","nodes/377A13/gps.csv"
"97","nodes/377A22/beep_0.csv"
"98","nodes/377A22/gps.csv"
"99","nodes/377A22/test.txt"
"100","nodes/377C9F/beep_0.csv"
"101","nodes/377C9F/gps.csv"
"102","nodes/377C9F/test.txt"
"103","nodes/377D0E/gps.csv"
"104","nodes/377D0E/test.txt"
"105","nodes/377D96/beep_0.csv"
"106","nodes/377D96/gps.csv"
"107","nodes/377D96/test.txt"
"108","nodes/377E04/beep_0.csv"
"109","nodes/377E04/gps.csv"
"110","nodes/377E04/test.txt"
"111","nodes/37832D/beep_0.csv"
"112","nodes/37832D/gps.csv"
"113","nodes/37832D/test.txt"
"114","nodes/3787FC/beep_0.csv"
"115","nodes/3787FC/gps.csv"
"116","nodes/3787FC/test.txt"
"117","nodes/37899C/beep_0.csv"
"118","nodes/37899C/gps.csv"
"119","nodes/37899C/test.txt"
"120","nodes/378CBC/beep_0.csv"
"121","nodes/378CBC/beep_1.csv"
"122","nodes/378CBC/gps.csv"
"123","nodes/378CBC/test.txt"
"124","nodes/378E5C/beep_0.csv"
"125","nodes/378E5C/test.txt"
"126","nodes/378EEC/beep_0.csv"
"127","nodes/378EEC/gps.csv"
"128","nodes/378EEC/test.txt"
"129","nodes/3790DC/beep_0.csv"
"130","nodes/3790DC/gps.csv"
"131","nodes/3790DC/test.txt"
"132","nodes/37A26C/beep_0.csv"
"133","nodes/37A26C/gps.csv"
"134","nodes/37A26C/test.txt"
"135","nodes/37A395/beep_0.csv"
"136","nodes/37A395/gps.csv"
"137","nodes/37A395/test.txt"
"138","nodes/37A5AA/beep_0.csv"
"139","nodes/37A5AA/gps.csv"
"140","nodes/37A5AA/test.txt"
"141","nodes/37A831/beep_0.csv"
"142","nodes/37A831/gps.csv"
"143","nodes/37A831/test.txt"
"144","nodes/37A87B/beep_0.csv"
"145","nodes/37A87B/gps.csv"
"146","nodes/37A87B/test.txt"
"147","nodes/37A91B/beep_0.csv"
"148","nodes/37A91B/gps.csv"
"149","nodes/37A91B/test.txt"
"150","nodes/37AA11/beep_0.csv"
"151","nodes/37AA11/config.txt"
"152","nodes/37AA11/fwdl.txt"
"153","nodes/37AA11/GPR0DATA.TXT"
"154","nodes/37AA11/GPR0NOTE.TXT"
"155","nodes/37AA11/gps.csv"
"156","nodes/37AA11/test.txt"
"157","nodes/37AD60/beep_0.csv"
"158","nodes/37AD60/gps.csv"
"159","nodes/37AD60/test.txt"
"160","nodes/Nodes_Example.csv"
"161","nodes/Nodes_trilateration.csv"
"162","nodes/Tags_trilateration.csv"
"163","nodes/Test.Info_Example.csv"
"164","V30B0154CD2D/node_health/CTT-V30B0154CD2D-node-health.2023-06-14_045003.csv.gz"
"165","V30B0154CD2D/node_health/CTT-V30B0154CD2D-node-health.2023-06-14_055005.csv.gz"
"166","V30B0154CD2D/node_health/CTT-V30B0154CD2D-node-health.2023-07-22_205511.csv.gz"
"167","V30B0154CD2D/node_health/CTT-V30B0154CD2D-node-health.2023-08-06_044522.csv.gz"
"168","V30B0154CD2D/node_health/CTT-V30B0154CD2D-node-health.2023-08-09_174723.csv.gz"
"169","V30B0154CD2D/node_health/CTT-V30B0154CD2D-node-health.2023-08-09_184725.csv.gz"
"170","V30B0154CD2D/node_health/CTT-V30B0154CD2D-node-health.2023-08-09_194726.csv.gz"
"171","V30B0154CD2D/node_health/CTT-V30B0154CD2D-node-health.2023-08-09_214729.csv.gz"
"172","V30B0154CD2D/node_health/CTT-V30B0154CD2D-node-health.2023-08-10_004733.csv.gz"
"173","V30B0154CD2D/node_health/CTT-V30B0154CD2D-node-health.2023-08-10_014734.csv.gz"
"174","V30B0154CD2D/node_health/CTT-V30B0154CD2D-node-health.2023-08-10_044739.csv.gz"
"175","V30B0154CD2D/node_health/CTT-V30B0154CD2D-node-health.2023-08-10_054740.csv.gz"
"176","V30B0154CD2D/node_health/CTT-V30B0154CD2D-node-health.2023-08-10_064741.csv.gz"
"177","V30B0154CD2D/node_health/CTT-V30B0154CD2D-node-health.2023-08-10_084744.csv.gz"
"178","V30B0154CD2D/node_health/CTT-V30B0154CD2D-node-health.2023-08-29_135903.csv.gz"
"179","V30B0154CD2D/node_health/CTT-V30B0154CD2D-node-health.2023-08-30_125938.csv.gz"
"180","V30B0154CD2D/node_health/CTT-V30B0154CD2D-node-health.2023-09-27_133119.csv.gz"
"181","V30B0154CD2D/node_health/CTT-V30B0154CD2D-node-health.2023-09-27_183127.csv.gz"
"182","V30B0154CD2D/raw/CTT-V30B0154CD2D-raw-data.2022-09-08_163422.csv.gz"
"183","V30B0154CD2D/raw/CTT-V30B0154CD2D-raw-data.2023-01-25_052201.csv.gz"
